{
  "Material": "Material Number",
  "MaterialName": null,
  "VendorName": "Vendor Name",
  "Planner": "Material Planner",
  "AccountSpecialist": "Account Specialist",
  "Plant": "Plant",
  "UnitsExcess": "Outst.Qty.",
  "ExcessValue": "Remaining Opportunity, $",
  "PushOutToDate": "Resch. Date",
  "TimeFenceDays": "Contractual Firm Zone (Days)",
  "Constraints": [
    "Status vs. Guideline",
    "Status vs Contracts",
    "Guideline vs Contract",
    "Contract Exceptions"
  ],
  "ActionCategory": null,
  "CurrentStatus": "Status vs. Guideline",
  "ExistingCategorization": "PN EM Code Desc",
  "ValueStream": "Engine Family",
  "BusinessUnit": "Buyer Group",
  "DaysOfInventoryOnHand": null
}




